{"cameraMode":{"drawMode":0,"name":"Shaded","section":"Shading Mode"},"sceneLighting":false,"audioPlay":false,"sceneViewState":{"showFog":true,"showMaterialUpdate":false,"showSkybox":false,"showFlares":true,"showImageEffects":true,"showParticleSystems":true},"in2DMode":false,"pivot":{"x":-0.11108112335205078,"y":-0.7149662971496582,"z":-0.2821183204650879},"rotation":{"x":-0.22238121926784516,"y":-0.21097436547279359,"z":0.04935590177774429,"w":-0.950580358505249},"size":0.8660253882408142,"orthographic":false}